wavelength,n,k
189.0,1.6089330133958015,0.0
190.0,1.5964490513714729,0.2858694362566709
190.0,1.5944891249069493,0.1640139027877284
191.0,1.594569910723739,0.18380455859435768
192.0,1.5957299110856995,0.15698658238882793
193.0,1.5881918721543975,0.13739860421562652
193.0,1.5906809343141401,0.0
194.0,1.6059197790745627,0.0
195.0,1.5953628986292636,0.32798559855328563
196.0,1.6032091074420325,0.21654766946714243
196.0,1.6014828673050336,0.0
197.0,1.5981284429329394,0.0
198.0,1.6087288682131382,0.0
199.0,1.6004068575788584,0.0
199.0,1.6099242843139778,0.0
200.0,1.6056569102940834,0.0
201.0,1.6197819410635386,0.0
202.0,1.616871638340338,0.0
202.0,1.6239626489907988,0.0
203.0,1.624273886396741,0.0
204.0,1.6230141859785758,0.14194717686220085
205.0,1.622065307736956,0.04848790969108518
205.0,1.6245271863684758,0.03779489642798356
206.0,1.626096991766638,0.0
207.0,1.6249106989582396,0.07584448278066326
208.0,1.625916195879136,0.0
208.0,1.6229707349966704,0.0
209.0,1.6230721192661735,0.6780673076995185
210.0,1.6230938438498894,0.4063312012369419
211.0,1.622021837684386,0.0
211.0,1.6218117200790292,0.0
212.0,1.619934241214139,0.29987422989111073
213.0,1.6188026088625331,0.0
214.0,1.6158546277161427,0.0
214.0,1.6137536632043243,0.1927736527038879
215.0,1.6123494135396972,0.0
216.0,1.6122402350079172,0.0
217.0,1.6088455251167006,0.028030525879386103
217.0,1.6095307492143678,0.0
218.0,1.6065403047187536,0.17722674690260984
219.0,1.605423220162703,0.0
220.0,1.6045758641171661,0.0
220.0,1.6029897539168547,0.0
221.0,1.602433949299965,0.0
222.0,1.6042470513820148,0.0
222.0,1.6056569102940834,0.0
223.0,1.6031213689513024,0.1491776597644172
224.0,1.6022437696619856,0.0
225.0,1.6061826133677135,0.3373882000780773
225.0,1.6032529752284408,0.0
226.0,1.6064308141345505,0.12256122154407138
227.0,1.6093995539556492,0.0
228.0,1.6072481999398154,0.7766900264093474
228.0,1.6098295513242193,0.0
229.0,1.6133535854314942,0.12010034787051506
230.0,1.6151206209133149,0.0
231.0,1.6158836919979775,0.0
231.0,1.618229308947802,0.0
232.0,1.6188098648316582,0.0
233.0,1.6206448318739173,0.0
234.0,1.6218914222705583,0.0
234.0,1.6220073474722334,0.0
235.0,1.6248672858171629,0.0
236.0,1.623238668846641,0.0
237.0,1.6243245487444191,0.0
237.0,1.6264006954001704,0.0
238.0,1.6274922367837819,0.0
239.0,1.630265660375158,0.0
240.0,1.631196585764964,0.0
240.0,1.6348084096472209,0.0
241.0,1.6397087965244017,0.0
242.0,1.6417493857671244,0.0
243.0,1.646836042773741,0.0
243.0,1.6489564988886956,0.0
244.0,1.6556140457403021,0.0
245.0,1.6599594798213977,0.0
246.0,1.6657064935552175,0.0
246.0,1.6717888959679448,0.0
247.0,1.6726120977659744,0.0
248.0,1.6746052125201853,0.0
249.0,1.6713488072115024,0.0
249.0,1.6713630047302204,0.0
250.0,1.6741088416072178,0.0
251.0,1.6697298043453639,0.0
252.0,1.6689199401190182,0.0
252.0,1.6676051684183886,0.0
253.0,1.663429136246113,0.0
254.0,1.6601590929236034,0.0
255.0,1.660023642858414,0.4884941560002213
255.0,1.6562709742087314,0.3412025967641374
256.0,1.6520550832028165,0.31282802506507323
257.0,1.6519120470430777,0.31046813093745895
258.0,1.6492500655510207,0.3026279414696253
258.0,1.6483979089786565,0.2839842618027544
259.0,1.6448284974602925,0.27202878962631416
260.0,1.647201523407822,0.2735162405598996
260.0,1.648147218143562,0.2724923824562819
261.0,1.6483549352354872,0.25985740841628635
262.0,1.646011717340201,0.25854323215471453
263.0,1.645323369252967,0.2588400509210632
263.0,1.6443980912417733,0.25313286816625724
264.0,1.6420653755814194,0.2511997236531938
265.0,1.642496202900545,0.243703169746254
266.0,1.6410095171703827,0.24046675749833582
266.0,1.6413184225349275,0.2409659663477055
267.0,1.6402766029047822,0.24390254402292477
268.0,1.636666164940696,0.23890827540505832
269.0,1.6359102827547585,0.2352868690140156
269.0,1.6353990217732393,0.2359880817872974
270.0,1.631795349733327,0.2308431035522799
271.0,1.6306120962886033,0.2282196062286881
272.0,1.6264513085983208,0.23016212241424777
272.0,1.6251060474298535,0.22790318039982876
273.0,1.623412446083855,0.2254159259010097
274.0,1.6203548233624656,0.22547226278201649
275.0,1.6193902621969218,0.22699975428847208
275.0,1.6144663381780795,0.22570716333990146
276.0,1.6124221960179705,0.22441122685126486
277.0,1.6095817673103423,0.22443342351269566
278.0,1.6078245494829264,0.225779001237579
278.0,1.6070219924535032,0.22606054650256555
279.0,1.6027118711677468,0.2266115128943318
280.0,1.5988173774809453,0.2258122486576585
281.0,1.5961262054517644,0.22672873882348477
281.0,1.5944009910109582,0.22692762332638247
282.0,1.5962656228588112,0.22693414634106193
283.0,1.5942467468594197,0.22728957202990777
283.0,1.5914167066632017,0.22897363686852476
284.0,1.5942761276630992,0.23009468162623806
285.0,1.5905631838829506,0.2309896180167942
286.0,1.5909384875313375,0.23094318432690025
286.0,1.5883613521044124,0.23112299055696373
287.0,1.5861937818653438,0.23258102878402995
288.0,1.58630443408621,0.23340712058126414
289.0,1.5804527587435349,0.23463173902049783
289.0,1.5803787522426405,0.23445875035439348
290.0,1.579534860875932,0.23472342830697743
291.0,1.5756878399406804,0.23555847380333525
292.0,1.569264630393144,0.2367954144960089
292.0,1.5679606908408115,0.23691840932872218
293.0,1.5679606908408115,0.237450673507229
294.0,1.5647150863528554,0.23730239465136585
295.0,1.5617773987679364,0.2381374765153417
295.0,1.5611637851558546,0.23787908587346815
296.0,1.5592016693334487,0.2376755405493959
297.0,1.5571471450348395,0.2375506633927175
298.0,1.5555331800901804,0.2378975618305086
298.0,1.5561113916239944,0.23789060176482885
299.0,1.55297752495007,0.23764983489520186
300.0,1.5524433231219124,0.23773915333478648
301.0,1.5514647370394394,0.23787263394594182
301.0,1.549942951398868,0.2379012048132619
302.0,1.5504101917803128,0.2381573063209704
303.0,1.548894918644757,0.23869550850691354
303.0,1.54665321627388,0.23904204908847057
304.0,1.5467891699053542,0.23935971320863159
305.0,1.5458523559303268,0.23964387240020626
306.0,1.5439921360266817,0.24054568409435162
306.0,1.5441964176121974,0.2411654756284253
307.0,1.543182304871189,0.24186600268689162
308.0,1.5452098536705765,0.24255171388198635
309.0,1.54190234092307,0.2433470464177191
309.0,1.5439164692019187,0.24385809976387465
310.0,1.543500234150567,0.24442262437789233
311.0,1.5420387201977155,0.24533456287943553
312.0,1.54243263535993,0.2458755618498055
312.0,1.543719717788267,0.24630605038280368
313.0,1.544877157997337,0.24667470200096733
314.0,1.5438180966864403,0.24721084183754607
315.0,1.5456256212746176,0.24718773808712316
315.0,1.5454820052627918,0.24736057129189712
316.0,1.546373718212633,0.24752211149114484
317.0,1.5435229408294042,0.24758758116192084
318.0,1.5471290013738868,0.24709527063342904
318.0,1.5484423116487638,0.24681066689479744
319.0,1.550493074654967,0.24641749273080732
320.0,1.549189042351762,0.24611168337592573
320.0,1.5514421470849866,0.2455876824980885
321.0,1.5518336602714988,0.24496669767185317
322.0,1.5502444128274009,0.24437695397734022
323.0,1.5509676828124646,0.24349680752056146
323.0,1.5508622267812584,0.24266534366148337
324.0,1.552691636618381,0.24147972255083514
325.0,1.5542859328482912,0.2403027097701744
326.0,1.5567194148599235,0.23897349502443985
326.0,1.5581222450399896,0.23768952630906248
327.0,1.558234718667625,0.23634833157537627
328.0,1.5562840636437814,0.23523344293886095
329.0,1.5571321388850115,0.23382776495004082
329.0,1.558871921548063,0.23203643431393903
330.0,1.5603178186110485,0.23025748584534847
331.0,1.5601530661819365,0.22875653291600612
332.0,1.5616801338707864,0.22700268699309384
332.0,1.5619270258228657,0.2252011596542801
333.0,1.5617923620868472,0.22351621725706836
334.0,1.5627123446077325,0.22172810912421886
334.0,1.5633851773781933,0.21981428790254176
335.0,1.5639531341456832,0.21793769313788341
336.0,1.5633627540332802,0.21625553603501158
337.0,1.5657603354676297,0.21425873189606096
337.0,1.5636019207107767,0.21249162000120783
338.0,1.5659245294088384,0.21056466202355711
339.0,1.564595587542794,0.2089609631642043
340.0,1.5678265142928918,0.20694592028327372
340.0,1.568452580332007,0.20513064783839313
341.0,1.5705898966665126,0.20340509651722
342.0,1.5726056067416025,0.20158522442405533
343.0,1.5758956013366383,0.19973308504165269
343.0,1.5763481389728158,0.19807867497452245
344.0,1.577156481099303,0.19639155154159416
345.0,1.5800678914064221,0.19462129109724344
346.0,1.5799124406548264,0.19306416160440418
346.0,1.5784979545304274,0.1917602793729042
347.0,1.5812296420096599,0.19027881715444567
348.0,1.5815994679602143,0.18891704757080352
348.0,1.5832479659907257,0.18745129801444832
349.0,1.5859503234440364,0.18592401100040815
350.0,1.5871894117062,0.18471382827522012
351.0,1.58971663398427,0.1834195805959966
351.0,1.591887449469344,0.18212637227088657
352.0,1.5914534876967772,0.1811023302101445
353.0,1.5915932490484155,0.18010665678902907
354.0,1.5930343918582652,0.17898476870212762
354.0,1.5965957815566556,0.17797598881825424
355.0,1.5985095859499625,0.1769439482270493
356.0,1.5985975313756153,0.1759773653017645
357.0,1.6037427661810404,0.1747060409371382
357.0,1.6095307492143678,0.17365330923741915
358.0,1.6133026609054018,0.17290485750329668
359.0,1.6133390356945714,0.17227713430655642
360.0,1.6124076397276654,0.17162786589561752
360.0,1.6136663800869464,0.17100166438092074
361.0,1.6191943957763388,0.170093589295717
362.0,1.6192451776887529,0.16960792854755277
362.0,1.6150770084436303,0.16925488792329066
363.0,1.6160508038037018,0.16854965391789245
364.0,1.6203548233624656,0.1679571810512652
365.0,1.6189985113380894,0.1676916675133119
365.0,1.6169515254885605,0.16716511708721793
366.0,1.6174017419111584,0.16670764342672206
367.0,1.6192306686944784,0.1663220112159843
368.0,1.616668275562448,0.16605892580565454
368.0,1.619056553051192,0.16553352773718064
369.0,1.6200357686168518,0.16537911303414526
370.0,1.620586833311829,0.1650085258688473
371.0,1.6208768104364466,0.1648683055076197
371.0,1.6201082852380357,0.16477521326741512
372.0,1.6223985490640187,0.16447303307337657
373.0,1.621985611971513,0.16427492925180115
373.0,1.6213261975796467,0.16378695934965756
374.0,1.624635734499319,0.16315731477399478
375.0,1.6269935199367012,0.16294171905749835
376.0,1.625171159711703,0.16244318766849314
376.0,1.624534423078449,0.16217983526635674
377.0,1.623839589373483,0.16218214747824736
378.0,1.6225289338541875,0.16210453206359923
379.0,1.6227389817066205,0.16199128506931715
379.0,1.6258728026524953,0.16154976689266815
380.0,1.6277379399726506,0.16108334164998572
381.0,1.6308574560543998,0.16047315452962724
382.0,1.6293848945290037,0.16015942568445943
382.0,1.6282798360172206,0.16002531526453218
383.0,1.6269067750789,0.1598320565513788
384.0,1.6296664885406171,0.1593642408302797
384.0,1.6319900941297847,0.1588204776926614
385.0,1.6348588336965566,0.1582352016037371
386.0,1.6358022793409568,0.15789661695726387
387.0,1.6359894820375653,0.15763972489352013
387.0,1.636802917173476,0.15728448526891492
388.0,1.6370620044871305,0.1567835784230172
389.0,1.6393709224047561,0.15610124135170092
390.0,1.6432930275463553,0.1553283602134206
390.0,1.6434293942289422,0.15498227687742538
391.0,1.6415051829166218,0.1548176525003604
392.0,1.6411316473809214,0.1544765508846283
392.0,1.6433719776289855,0.15400021083560142
393.0,1.6454524494982727,0.15355199239686676
394.0,1.6464274991887387,0.15306041938945927
395.0,1.6456675678675927,0.15264341664236353
395.0,1.6471800260706897,0.15208302841569343
396.0,1.6476744167129418,0.15166882372409884
397.0,1.6486843812826006,0.15127518695871994
398.0,1.6495364381814681,0.15090391921395116
398.0,1.6488276048474844,0.1505642237416034
399.0,1.649493484417287,0.15007430107597985
400.0,1.649493484417287,0.149646698859946
401.0,1.6497368791481868,0.14922580205062994
401.0,1.6516187971504535,0.14869955803612547
402.0,1.6529488729405306,0.1482081022956779
403.0,1.6548783688291093,0.1477544877114863
403.0,1.6553140868758658,0.14742608308400776
404.0,1.6540781655183467,0.14705961681684793
405.0,1.6543568366528576,0.1465599725641011
406.0,1.6558068576411473,0.14611162521916485
406.0,1.6579696317212687,0.14562071226452697
407.0,1.6596386407004777,0.14511582179827295
408.0,1.6587686090368003,0.1447467785096434
409.0,1.6575272333752984,0.14433496616470637
409.0,1.6583192149646004,0.1438097044137004
410.0,1.6581265933713412,0.14343457799841297
411.0,1.6577841191638334,0.1430363791184491
411.0,1.65938194064627,0.14242743443583034
412.0,1.6606010385130867,0.14183135746920908
413.0,1.6595530768581435,0.1413914565309794
414.0,1.6578055251463226,0.14098413915179078
414.0,1.6580909211148571,0.14048086007463853
415.0,1.6571846787426592,0.1400836488290236
416.0,1.656585097205691,0.1394843944836571
417.0,1.6586402187673246,0.1385947722701569
417.0,1.6596457708924328,0.13786591229842407
418.0,1.6599024446717578,0.13720962259991482
419.0,1.6609930238862491,0.13640669211377107
420.0,1.6615060788888196,0.13561691838214732
420.0,1.6618053142222509,0.13491906627644426
421.0,1.663244014442381,0.13414016784337313
422.0,1.6635430508666826,0.13337908925886166
422.0,1.662325331963187,0.13267202390284077
423.0,1.6621686252025611,0.13179930938724285
424.0,1.6623609458241524,0.13074930880342306
425.0,1.6621971180407533,0.12966066472753504
425.0,1.6623395775658614,0.12863903273213403
426.0,1.6625888630374848,0.12760736142742932
427.0,1.6632938562129647,0.1265077766630971
428.0,1.6638349345387295,0.1254497076458909
428.0,1.6637851030353286,0.12455664292254838
429.0,1.6621116385926071,0.12386282613486384
430.0,1.6602874074881955,0.12319575421548973
430.0,1.659481771485324,0.1223577029657264
431.0,1.6586830162377195,0.1214278162317228
432.0,1.657855471741286,0.12047018575137769
433.0,1.6575629135031762,0.11947070758619163
433.0,1.6561710178242885,0.11879791778526369
434.0,1.6545997555019605,0.11836793807359636
435.0,1.6534849930875248,0.11796743374901114
436.0,1.6514685825581443,0.11760929427248375
436.0,1.650667284083624,0.11713293380007328
437.0,1.6513898950902968,0.1164585951227804
438.0,1.6500017224993975,0.11593798777974079
438.0,1.6475096310032724,0.11552036992403247
439.0,1.6465851908460005,0.11503086274987477
440.0,1.6450293272837286,0.11464760034550199
441.0,1.642718766382247,0.11451152904733271
441.0,1.6415841924810082,0.11450702880224448
442.0,1.6403412809954865,0.11465146887327327
443.0,1.6386374956845027,0.11484670545179047
444.0,1.6373858228522735,0.1151792962536904
444.0,1.635975082370597,0.11561454452021203
445.0,1.6341167676663975,0.11613314575687256
446.0,1.6320189437239518,0.11673555330627652
446.0,1.6307059134807955,0.11741350739581281
447.0,1.6297820040262838,0.11812891675813748
448.0,1.6282942847673176,0.11880907462108414
449.0,1.6263717730502965,0.11946550779832864
449.0,1.6240567487103819,0.12020178219172364
450.0,1.6218044742791227,0.12101054513385129
451.0,1.6194918154762603,0.12192257609667771
452.0,1.618178502748987,0.12281860541761712
452.0,1.616232431980258,0.12385411289780096
453.0,1.614575399553449,0.12492205429708092
454.0,1.6132008080986167,0.12593915122569987
454.0,1.6125168094030373,0.12680948072942905
455.0,1.611919944622016,0.12773880077503452
456.0,1.6107839675220916,0.12876281923591026
457.0,1.6083642721436333,0.12990848301086197
457.0,1.605868668403131,0.13112908234004084
458.0,1.6056642126707859,0.13230968323024128
459.0,1.6055473714449866,0.13353842483145964
460.0,1.604342047310151,0.134838807661265
460.0,1.6015121382276416,0.1362403572089686
461.0,1.6008534367902436,0.13741813212284762
462.0,1.601438960102798,0.13850934534899115
462.0,1.6024924624207302,0.13963191625665708
463.0,1.6008534367902436,0.1410652450749562
464.0,1.5986268456303891,0.14260714427780385
465.0,1.5966324623506831,0.14420097303394333
465.0,1.5953702395694025,0.1457235754453057
466.0,1.5941806383895896,0.14727087897704147
467.0,1.592850633926571,0.1488239223880971
467.0,1.5910635720177817,0.15042786943340422
468.0,1.5894368198640112,0.15193108252381138
469.0,1.5885897570384315,0.15330736156664057
470.0,1.5870419450370656,0.15467788053925693
470.0,1.5857142116114966,0.15596067325706492
471.0,1.5846660967829436,0.15723666907506892
472.0,1.5835656646433074,0.1585311670626637
473.0,1.5811630652327935,0.15998857285942228
473.0,1.5800678914064221,0.16126326234101326
474.0,1.5810520984369514,0.16230446896359518
475.0,1.581170462774664,0.16341865728734994
475.0,1.5805119617351555,0.16460568622000374
476.0,1.5797199590151496,0.16585151803234044
477.0,1.5791127650144396,0.16701878518992064
478.0,1.5785053631559849,0.16815461406610893
478.0,1.577171309590509,0.16933575115335578
479.0,1.5768747160010617,0.17040654788343335
480.0,1.5760143110525873,0.17154600134873477
481.0,1.5761552683816107,0.17259059609711658
481.0,1.5757620432739774,0.1734398243828941
482.0,1.5764668180165669,0.17373001878106317
483.0,1.5786090806574393,0.1735206872294587
483.0,1.580793149150184,0.1732849828391599
484.0,1.5812444365129084,0.17363462104089258
485.0,1.5795274565495825,0.1749082352352792
486.0,1.5768673005199394,0.1768542713642558
486.0,1.5732001989011657,0.1790652731036055
487.0,1.5689517764414556,0.18123763586694458
488.0,1.5646179942237186,0.18326004167815074
488.0,1.5619345068178812,0.18500021812549458
489.0,1.561276048714362,0.18632644240926205
490.0,1.5620691589054692,0.1872391259648767
491.0,1.5620392371725595,0.18803487626880383
491.0,1.5619120637306514,0.18877511784337103
492.0,1.5619494687057365,0.18945722544705013
493.0,1.5621589208373974,0.19003081547208536
494.0,1.5616053107968586,0.190638267775426
494.0,1.5608643780241513,0.19126294994009663
495.0,1.5600182563548506,0.1919346654118136
496.0,1.5594114739572655,0.1925405885800649
496.0,1.5586395589643454,0.19308296691488253
497.0,1.5577622767830421,0.19359220240196753
498.0,1.5563891592413137,0.19400336915273575
499.0,1.555781010635774,0.19436167267594973
499.0,1.5553454040723977,0.19476377428851963
500.0,1.5545640183874376,0.19535142621957957
501.0,1.5536845002368316,0.1959850237174536
501.0,1.5525712470812894,0.19655952684240807
502.0,1.5527969699247157,0.19695242337801183
503.0,1.5507416968967236,0.19753366293972444
504.0,1.5506286916905752,0.1979373454315352
504.0,1.5491739604405714,0.1984388928518126
505.0,1.550040932757892,0.1986324492010152
506.0,1.548894918644757,0.199055863966142
507.0,1.5477707006369428,0.19947022280291374
507.0,1.5447485970311035,0.2001468970526562
508.0,1.543000600983839,0.2008215788476191
509.0,1.5419099178739268,0.2015263842301087
509.0,1.5420614488746591,0.20215745283075356
510.0,1.541447653932106,0.20266797795292138
511.0,1.5406667863411467,0.2032190658947069
512.0,1.539619935547259,0.20371277802203913
512.0,1.5387090317327101,0.2042359776216301
513.0,1.5377291853848785,0.20466237997361322
514.0,1.5366498420761372,0.20522562511784823
514.0,1.5354707795150995,0.20597186543183113
515.0,1.5333689262291212,0.20669859531831158
516.0,1.5321490637624346,0.20742244295944431
517.0,1.5311266334807525,0.20812655867858565
517.0,1.5311418989877739,0.2089656601399253
518.0,1.530744942937312,0.20976937532735226
519.0,1.529354727807077,0.21044945296140197
519.0,1.5279172532275087,0.2112293215848057
520.0,1.5255820617767883,0.21212572362298202
521.0,1.5241637351807489,0.21299262381824985
522.0,1.5220911421221803,0.21382290514403093
522.0,1.5210844278693851,0.21458831053216726
523.0,1.5198384603779456,0.21537966707573347
524.0,1.5188839876169966,0.21633606145676956
525.0,1.517597466997851,0.21728269940146733
525.0,1.5157927317762414,0.21829766236690795
526.0,1.5149280671699352,0.21907492212188107
527.0,1.5134985977113067,0.21994093755671593
527.0,1.5124003378883375,0.22093165884693136
528.0,1.5110455900983601,0.22198153265553053
529.0,1.5096351670367523,0.22300048948232934
530.0,1.5090690195324954,0.22390853585838139
530.0,1.5069573614515062,0.22498326316816736
531.0,1.5055502596139334,0.2259750945166023
532.0,1.5031055316160054,0.22707460469922608
532.0,1.5013196170463947,0.2280366923560135
533.0,1.4994998998998998,0.2291365403351178
534.0,1.4982487706974343,0.23023455094157474
535.0,1.4968162424518638,0.23148954684732223
535.0,1.4959935483866675,0.23275649529136824
536.0,1.495154616622954,0.23400732755525233
537.0,1.4942523191735535,0.23527719839911604
537.0,1.4926186371977983,0.23660732837562973
538.0,1.4905970447014194,0.23800137394059354
539.0,1.4882802174211514,0.23947077638570843
540.0,1.487159587058595,0.2407996711813875
540.0,1.4857059188537338,0.2421293660496232
541.0,1.4847806389866167,0.24337484485535513
542.0,1.4834111457631793,0.2447246381664667
542.0,1.481532393145521,0.24623698397357704
543.0,1.4801987630130629,0.2477305626337591
544.0,1.4784897648363535,0.24926449956805827
545.0,1.4767064904028397,0.25072711498862293
545.0,1.4747368374844452,0.25216654772408365
546.0,1.4727317270857736,0.25366560479375533
547.0,1.4711474450660518,0.25518518607855134
547.0,1.4696731364390503,0.25678755572793227
548.0,1.4681406344913794,0.25844811996392736
549.0,1.466565763536143,0.2600676211605323
550.0,1.4646744878616957,0.26166257242256397
550.0,1.462715305034584,0.26328682367420403
551.0,1.4605260935558233,0.2650164150953133
552.0,1.45875361414687,0.26679083740287396
553.0,1.4574161913534107,0.2685405107741265
553.0,1.4561663703889773,0.27031348123920573
554.0,1.4546548210126304,0.2721468198122876
555.0,1.4525788967336324,0.27406750187235446
555.0,1.4500086328100443,0.27604547046002414
556.0,1.4477347870845874,0.2779766246062063
557.0,1.4453900555892785,0.27989343176387005
558.0,1.4438785954220708,0.2817501103056271
558.0,1.442117749029061,0.28365885806191843
559.0,1.440840367256366,0.2855864555762919
560.0,1.4390326524858845,0.2875958991888339
560.0,1.437163559830591,0.2896898982964628
561.0,1.4351912243146652,0.29178997215893243
562.0,1.4330318209781052,0.293933239893998
563.0,1.4311923758118639,0.2959802635562766
563.0,1.429365947954631,0.2979034122461622
564.0,1.427903846972761,0.2997349242020413
565.0,1.4263640085698108,0.3014718309478819
565.0,1.424947380412865,0.3031360056073706
566.0,1.4234864960436215,0.30467243294152835
567.0,1.4225280641912448,0.30612405761665323
568.0,1.421703319964525,0.3076147880117675
568.0,1.4205743596304679,0.30931912801826045
569.0,1.4195958779682607,0.3112575986107493
570.0,1.4182782595756083,0.313503317024362
570.0,1.4168147150823716,0.3158671121123988
571.0,1.4156878745988455,0.31831642732301874
572.0,1.4142623807279597,0.32079830264169973
573.0,1.4128515153739847,0.3233512430852404
573.0,1.411395696126158,0.3258703624860951
574.0,1.4097580883362049,0.3283471194981857
575.0,1.408125822437779,0.330805734398892
575.0,1.4066017594029514,0.3332897639671634
576.0,1.4049460739666904,0.3360276393708132
577.0,1.4031923730160674,0.33890824404787384
578.0,1.4015556101595996,0.34176064598990125
578.0,1.4002438028601654,0.3443774880405078
579.0,1.399172051168599,0.34689141586259997
580.0,1.397838994265437,0.3496402097397825
580.0,1.396121758914087,0.35278370171109386
581.0,1.394026509762705,0.356319624785631
582.0,1.3921263527609196,0.3600107616884137
583.0,1.390597605936071,0.3635424544747574
583.0,1.389249781422532,0.3670103070761356
584.0,1.3881101479160909,0.37040677000649286
585.0,1.3869424377185902,0.3738961051977339
585.0,1.3854472340620108,0.37763970082411763
586.0,1.3838696354159998,0.38150424509304914
587.0,1.3819968470109338,0.38545681886873595
588.0,1.3802788852025747,0.3895188741035609
588.0,1.379081009138362,0.39348407140903274
589.0,1.3780768216480925,0.39734149602902785
590.0,1.377587553019579,0.4009908459375322
590.0,1.3773828513503228,0.4045541156183604
591.0,1.3771246663160484,0.40808564363784394
592.0,1.3768663886175017,0.41163900255594416
593.0,1.376224745652247,0.415411180896832
593.0,1.3754218829682474,0.4194944029993876
594.0,1.3746359877061727,0.42370741304217086
595.0,1.3740102232335851,0.42807745048045615
595.0,1.373938672154652,0.432395526512308
596.0,1.374171186776106,0.43664942599702145
597.0,1.3745287529324817,0.44074822458373725
598.0,1.3749308000247153,0.4448577315682126
598.0,1.3751540614717128,0.44898009563119995
599.0,1.375448659590661,0.45317203260704586
600.0,1.3758412681259802,0.4574655442211124
600.0,1.3764654290039404,0.46174967164194974
601.0,1.3772671246791788,0.46611734817904693
602.0,1.378112391896779,0.4706192875884423
602.0,1.379045486412461,0.4752663026189906
603.0,1.3799951222363207,0.48016738038713946
604.0,1.3808017844054246,0.4851842318487333
605.0,1.3818995442490682,0.4901817952328187
605.0,1.3830839951238953,0.4953242204338885
606.0,1.38402842786156,0.5004471742570256
607.0,1.3855528756945679,0.5055577934401029
607.0,1.387478228189197,0.510767418422753
608.0,1.3891621779575267,0.516004564868237
609.0,1.3912968388627123,0.5213358524931141
610.0,1.3936782056164931,0.526803638904564
610.0,1.3955572023861185,0.5321095492105186
611.0,1.3977176961621944,0.5373632952775979
612.0,1.400330171891566,0.5424693091029645
612.0,1.4028825035828767,0.547547600183808
613.0,1.40559845222696,0.5526912766589996
614.0,1.4083995142991748,0.5577808409045929
615.0,1.411225260793357,0.5629837202744232
615.0,1.4139396178036205,0.5682082093516577
616.0,1.4167554443929629,0.5735078053974937
617.0,1.4198743503514373,0.5787748007993331
617.0,1.4232175669023226,0.5841195594076484
618.0,1.426313752248989,0.5893905412834479
619.0,1.429365947954631,0.5946129159961933
620.0,1.4326076578333315,0.5999278671267616
620.0,1.435846365168764,0.6051406856847693
621.0,1.4389830779610129,0.6103109264289135
622.0,1.442389489824981,0.6153674849315075
622.0,1.4459480495874217,0.620407554392281
623.0,1.4492240055112813,0.6254244263418273
624.0,1.4524158997432697,0.6304604738176106
625.0,1.4555896436244802,0.6355605083658589
625.0,1.4588832122138802,0.6405488976786627
626.0,1.4623359513116267,0.6455132647442925
627.0,1.46582574569331,0.6503710545861107
627.0,1.4694566306626864,0.6550571867165559
628.0,1.4731394326283784,0.6597334527407135
629.0,1.4768100608829837,0.6643339919908632
629.0,1.480063725959509,0.6689093031861869
630.0,1.482919952078884,0.6733466425059186
631.0,1.485927245116473,0.6776690644607694
632.0,1.4890924072972547,0.6818324211987993
632.0,1.4922177346246024,0.6859124250030045
633.0,1.4957583917703643,0.6897834591986763
634.0,1.4995389774362304,0.6936000714033341
634.0,1.5032146323667785,0.6973960905985696
635.0,1.5064133610991703,0.7012070356979913
636.0,1.5095808895821636,0.7048312687044164
637.0,1.5128180934231652,0.7084453964755097
637.0,1.516008810690998,0.7119481148856015
638.0,1.518830086111632,0.715449150618725
639.0,1.521660881201913,0.718943366033481
639.0,1.5242404384063595,0.7224249201722386
640.0,1.5269453658291148,0.7257320726394768
641.0,1.5296833075259237,0.7288905945504907
642.0,1.532698129417766,0.731986083740363
642.0,1.5357599278594627,0.7350252937361802
643.0,1.5389595859901148,0.7380719320789063
644.0,1.5419553787772653,0.741088692168375
644.0,1.5446578415777141,0.7441149162717013
645.0,1.547347964104506,0.7470593684777513
646.0,1.5503951216940188,0.7499479501413383
646.0,1.5530677947202647,0.752818918442302
647.0,1.5558335758117758,0.7556650633334276
648.0,1.558707022502839,0.7584248286015182
649.0,1.5615379671128784,0.7610742220614612
649.0,1.5640502651490036,0.7637107528345266
650.0,1.5666930414757592,0.7662961660207349
651.0,1.5691380059810338,0.7689364466936297
651.0,1.5716315186023677,0.7717756003470502
652.0,1.5739134395691823,0.7748377343245552
653.0,1.5762665424681168,0.7779410014576154
654.0,1.5786164888178558,0.7811136044918342
654.0,1.580963320046852,0.784307511526888
655.0,1.5832996881790553,0.7874735718387195
656.0,1.5856404204100416,0.7906898660368035
656.0,1.5879781578902599,0.7939295936808566
657.0,1.5903055789331766,0.7971606025000813
658.0,1.5926374523127529,0.8004670251239343
658.0,1.5949664459185333,0.8038373860947945
659.0,1.5973072640624035,0.8073056219517354
660.0,1.5999455292391587,0.8106453518263872
661.0,1.602858130118672,0.8138179614050679
661.0,1.6061972142627001,0.8168924002096202
662.0,1.6098514131738728,0.81971753183485
663.0,1.6135063515048291,0.8225127679361944
663.0,1.6170168854483544,0.8254172901051385
664.0,1.6206448318739173,0.8285091916588274
665.0,1.6240133185758825,0.8317538515086629
666.0,1.6273187828147115,0.8352461135967236
666.0,1.630922399744136,0.8388193533921388
667.0,1.6349452723417175,0.8424413404432056
668.0,1.6388172784489585,0.8460575329351321
668.0,1.642812093252496,0.8497466881814176
669.0,1.6467142036532167,0.8533530728431463
670.0,1.650459762654369,0.8570802677452659
670.0,1.6540495821142283,0.8609106391345255
671.0,1.657705629026418,0.8649249712604782
672.0,1.6613065695397544,0.8690129380493569
673.0,1.6649736834449271,0.8733307680708633
673.0,1.6689625706088564,0.8776060307688209
674.0,1.672966849956243,0.8819857270967507
675.0,1.6770078133622661,0.8863580322838865
675.0,1.6813259183036746,0.8907394628901979
676.0,1.68577172106974,0.8950404340642948
677.0,1.690154372489287,0.8993489260520695
678.0,1.6944461164964573,0.9038289724893221
678.0,1.6986826253732694,0.9082856352385597
679.0,1.7028993590095272,0.912786342803621
680.0,1.7072858859361737,0.9172343893798763
680.0,1.711743585459779,0.9217217439903866
681.0,1.716356239773944,0.926246819001686
682.0,1.7212910006245572,0.9306615369492749
682.0,1.7259816917996582,0.9352085539835455
683.0,1.7304572908199962,0.9399146398215011
684.0,1.7347535086007988,0.944774416383184
685.0,1.7390448587804752,0.9496453972260734
685.0,1.7429148208046912,0.9546108512993123
686.0,1.7468503844162189,0.9594373552714134
687.0,1.7510940114642917,0.964168805322288
687.0,1.7554094617780756,0.968825502472455
688.0,1.7597274560230982,0.9731852787835151
689.0,1.7642830125554512,0.9774478498795768
689.0,1.7689305748471003,0.9816530778698286
690.0,1.7732562557153226,0.9860083935136348
691.0,1.7774884173088155,0.9902897170408161
692.0,1.7815585605477293,0.994602518218638
692.0,1.7855221989604748,0.9988162404408791
693.0,1.7893521645159325,1.0029444397710687
694.0,1.7932342734238857,1.0068354280261718
694.0,1.797086117157962,1.0106420192652301
695.0,1.800832378248357,1.0141405659648564
696.0,1.8043362367207108,1.0175577003438336
696.0,1.8075022750252425,1.0209115253230439
697.0,1.8105296623896143,1.0241800303388553
698.0,1.8136102788390895,1.0272291881693132
699.0,1.8165593761373096,1.0301576748296286
699.0,1.8196096506064126,1.032992523194575
700.0,1.8225901296323912,1.0356226126151569
701.0,1.8255077695982969,1.0380617662578164
701.0,1.828308052143162,1.0403214784484094
702.0,1.8311003599793971,1.0423419980643063
703.0,1.833768732466142,1.0440529868315176
704.0,1.8363406135746458,1.0456048390761015
704.0,1.8390070385992447,1.047014964038676
705.0,1.8417406608893327,1.048154201969193
706.0,1.844282519002999,1.0490952894204764
706.0,1.846503402771649,1.0498752677085308
707.0,1.8483763587004642,1.050592132560694
708.0,1.849867597553845,1.0511245671305798
708.0,1.8511815657406463,1.0514205044156109
709.0,1.852352384814201,1.0515338391994682
710.0,1.8532167780091937,1.0514656173826196
711.0,1.8539449763361544,1.0511240036977316
711.0,1.85478198563923,1.0504622003203494
712.0,1.855816223484776,1.0495408979866863
713.0,1.8566802596095415,1.048316123604802
713.0,1.8573809490763697,1.0469496650979206
714.0,1.8580815813845686,1.0453237164514366
715.0,1.8585849131972811,1.0435770123602035
715.0,1.8588977804130162,1.0417011843072976
716.0,1.858965793535485,1.0396995910101436
717.0,1.858958992247152,1.0375896854843256
718.0,1.8589793960962109,1.0352259285350103
718.0,1.8588773763726218,1.032729109600505
719.0,1.8589385883502727,1.029948344773193
720.0,1.8590202036508974,1.0269833470419885
720.0,1.8590270048914237,1.0239413879709038
721.0,1.8589113830800301,1.020839928502742
722.0,1.8585917147783284,1.0176148244214955
722.0,1.8581700066603182,1.0142249908258592
723.0,1.8576122320632635,1.0108319778247168
724.0,1.8568639410366918,1.0074656564954405
725.0,1.856210833549124,1.003887961608601
725.0,1.8554964397861327,1.0001328205092506
726.0,1.8547683764003275,0.9963783961417518
727.0,1.8537884530996251,0.9926575322993596
727.0,1.852951344045775,0.9887799360521383
728.0,1.8522843185119797,0.9848838423168196
729.0,1.851481093535196,0.9809990081735415
729.0,1.8505007797868314,0.9770644282973725
730.0,1.8496224814236042,0.9730395942918291
731.0,1.8488938976947158,0.968877081182123
732.0,1.8482061082700416,0.96453390784832
732.0,1.8471096080102418,0.9603214241733026
733.0,1.8459720832838438,0.9561037243203903
734.0,1.8447867017123614,0.9519677467358745
734.0,1.8435193689028453,0.94781740166206
735.0,1.8421904884405935,0.9436431462129332
736.0,1.8407591258819649,0.9395393177636585
736.0,1.8393274900717373,0.9355991442095165
737.0,1.8377864683395235,0.9316845038389842
738.0,1.8361973764611041,0.9276727604936853
738.0,1.8345738236547504,0.923626621196013
739.0,1.8329362541370762,0.9196848230635142
740.0,1.8314279897555408,0.9157870368881724
741.0,1.8299671879473747,0.9120137518643429
741.0,1.8285811885292744,0.9081689878594124
742.0,1.8272836931136793,0.9042325069875414
743.0,1.8260542575812726,0.9002314797929714
743.0,1.824899749197829,0.8962744765072775
744.0,1.8235810418145268,0.8924892808056286
745.0,1.8225012819156747,0.8886139600323854
745.0,1.821435014928589,0.8846814418267083
746.0,1.8203890828851632,0.8809060566774435
747.0,1.8194113588619578,0.8773174607920441
748.0,1.8182693520130164,0.8738535267109958
748.0,1.8172092216148148,0.870574531403601
749.0,1.8160804995345308,0.8673690413910694
750.0,1.8147668206145948,0.8642808525039175
750.0,1.8137540029470696,0.8613520774753286
751.0,1.8125972704828521,0.8585290082786826
752.0,1.8115909401677528,0.8557640361655897
752.0,1.81072823824568,0.8530554167394766
753.0,1.8100160736988038,0.8504199397374261
754.0,1.8094339532719108,0.8478833703300467
755.0,1.8089339692239514,0.8454251882630318
755.0,1.8082284407319422,0.8430922548043146
756.0,1.8079818284309865,0.8408515447098451
757.0,1.8074406153279636,0.8387786518989199
757.0,1.806974721162699,0.8369259219771463
758.0,1.8062346955163695,0.8352142342858002
759.0,1.8056316423154342,0.8336417296752332
759.0,1.8046584017193765,0.8323094377105235
760.0,1.8039317913328892,0.8309614946628416
761.0,1.803136527516137,0.8297383351585879
761.0,1.8023891529576346,0.8286236037009747
762.0,1.8017994120166605,0.8275449581612357
763.0,1.8013947868195521,0.8265616071437737
764.0,1.8009832738578866,0.8257421773425738
764.0,1.8008049422486596,0.8249465904165948
765.0,1.8006951969125804,0.824283194584874
766.0,1.8004071052151687,0.8237500978430923
766.0,1.8004208242023785,0.8232964643061248
767.0,1.800578590147173,0.8229398814400808
768.0,1.8007843651611457,0.8226056380539123
768.0,1.8007500698481298,0.8224030385062575
769.0,1.8005923087156697,0.822392815916019
770.0,1.8004962780330311,0.8225359510748576
770.0,1.800564871545198,0.8228236930600754
771.0,1.8006540418596892,0.823229917017921
772.0,1.800475699816097,0.8237901833012528
773.0,1.8005923087156697,0.824403893670568
773.0,1.8006951969125804,0.8251046114937952
774.0,1.8012233267313922,0.8258268703948024
775.0,1.801785696381764,0.8266009607974402
775.0,1.8023617245037342,0.8274142715495888
776.0,1.8032188013062398,0.8282192770493257
777.0,1.804041474246924,0.8291942944267656
777.0,1.8049325705433175,0.8303730383473785
778.0,1.8061319067680572,0.8316218301367858
779.0,1.8072898889036713,0.8330021722249092
780.0,1.8086462881249232,0.8345143458319265
780.0,1.8100297699679997,0.8361753686990181
781.0,1.8111869919148522,0.8380089558343448
782.0,1.8126451868226718,0.8399191870286907
782.0,1.814150937798872,0.8418461377921926
783.0,1.8156700046633447,0.8437581265754468
784.0,1.8174281018208063,0.8457006362684046
784.0,1.8191378429185692,0.8478158023387637
785.0,1.8209291604270812,0.8500071940694924
786.0,1.8227951582221427,0.8523034585785566
786.0,1.824681121554166,0.8546982102087738
787.0,1.8266143615805486,0.8572348523646741
788.0,1.8286699555040413,0.8598954252473062
789.0,1.8306020601402613,0.8626640562184701
789.0,1.8326564648280486,0.8654027482396596
790.0,1.8348603596331574,0.8681788111083307
791.0,1.837315915001539,0.8708911219178338
791.0,1.83999562098919,0.8736093307763702
792.0,1.8424153922055726,0.8764528150556444
793.0,1.844657252533344,0.8793690735808618
793.0,1.8471845290135849,0.8823755772293932
794.0,1.84988802356161,0.8854344258261407
795.0,1.8525089351743134,0.8886281879064829
795.0,1.855210665394406,0.8917619144567284
796.0,1.8577210689644166,0.8950300233511574
797.0,1.8603463454975069,0.8982521763442461
798.0,1.8633719255672185,0.9013743373213664
798.0,1.8665459975943384,0.9044451468396796
799.0,1.8696646410713373,0.9074585777953312
800.0,1.8728909265060896,0.9104087773323801
800.0,1.876041479202617,0.9134113887867074
801.0,1.8792792841482422,0.9164030757860535
802.0,1.8826789219063018,0.9193783804181892
802.0,1.8860503639875905,0.9223322626090427
803.0,1.8894885986679657,0.9253221072667438
804.0,1.8928987028110154,0.9283155254577221
804.0,1.8962942895005708,0.9313274999650264
805.0,1.8998109025178735,0.9342971933586184
806.0,1.9032927008903475,0.937275689279621
806.0,1.9066720348800255,0.9402184479436092
807.0,1.910158876668508,0.943193580235973
808.0,1.9135230659722426,0.9460603632424585
809.0,1.9168932867531623,0.9487563330100838
809.0,1.9204522320962953,0.9513562061740716
810.0,1.9240307197453017,0.9538284254553315
811.0,1.9275611490723852,0.9561847452763438
811.0,1.9311585272680587,0.9585225846746372
812.0,1.9347484925620078,0.9607717667276198
813.0,1.9383310857669986,0.962937295175292
813.0,1.9419806848533567,0.965062757719217
814.0,1.9455013431230428,0.9672140519017287
815.0,1.948940442681013,0.9692983100465736
815.0,1.952264269837253,0.9713059771902544
816.0,1.9555066662758944,0.9731553111025654
817.0,1.9588770567408647,0.9747826772281193
818.0,1.962213351311984,0.9762515734403167
818.0,1.9656033727661786,0.9775771282136515
819.0,1.969074144764025,0.9787715038642358
820.0,1.9723488570165029,0.9798210162064409
820.0,1.9754748338146413,0.9807026340529182
821.0,1.9785668902098885,0.981424643371878
822.0,1.981854578063404,0.9820723239487588
822.0,1.9850408743200065,0.9826566107736294
823.0,1.9881460634547696,0.9830820400566693
824.0,1.991190423585292,0.9832962509446328
824.0,1.9940862269290567,0.9833553187707895
825.0,1.9971034972946817,0.98328777992079
826.0,2.0001275000002305,0.9831050988366847
826.0,2.00291525274753,0.9828042892439136
827.0,2.0056017694586554,0.9822748808181617
828.0,2.0080520576965624,0.9815722250293036
829.0,2.0102593691664876,0.9807018686086693
829.0,2.0125679687366556,0.9796916676886155
830.0,2.014896863696911,0.9784444562145485
831.0,2.0170772971224435,0.9769244444750432
831.0,2.019089013130119,0.9752147863793428
832.0,2.0211345342794984,0.9733952367643923
833.0,2.0232611270221894,0.9714736022551143
833.0,2.0250772233179477,0.9694504871475155
834.0,2.026906876139318,0.9671986543802975
835.0,2.0287163314854113,0.9647512153548548
835.0,2.0302760222617096,0.9621357131059532
836.0,2.0316129375344247,0.9594762982432549
837.0,2.0331322033774026,0.9565852113466635
837.0,2.0346380127899284,0.95352774500918
838.0,2.0359615457127034,0.9502823038039503
839.0,2.037170317375504,0.9467449140773647
840.0,2.0384939281713494,0.9431079508118612
840.0,2.039709526726584,0.9392480465987513
841.0,2.040904901510792,0.9352226010083063
842.0,2.041823406608183,0.9310446254965187
842.0,2.042708164186063,0.9267202434209078
843.0,2.0432890088387583,0.9223783622695817
844.0,2.0437955669140124,0.9177173528201874
844.0,2.0441940642342935,0.9128574739492012
845.0,2.0445452858711572,0.9079323144790186
846.0,2.0448492304606627,0.9027071469302452
846.0,2.0451058968084674,0.8972747607362959
847.0,2.045018089690364,0.8917024299857478
848.0,2.04515317765487,0.8858007952563599
848.0,2.04518019530986,0.8796569933928775
849.0,2.045193704145126,0.8732868333731283
850.0,2.0451599320666745,0.8668767091967998
851.0,2.0451329144272195,0.860268996903399
851.0,2.044828967407178,0.8537112851270874
852.0,2.044342657583637,0.8468295038302174
853.0,2.0435051394238815,0.8400488246169852
853.0,2.0427351800141076,0.8333353799230757
854.0,2.0416748234036524,0.8264685267705439
855.0,2.040472671391039,0.8196209252241882
855.0,2.039169256181864,0.8124466082368714
856.0,2.037670043048346,0.8052613599439733
857.0,2.0357657143707506,0.7978617315463978
857.0,2.033908735744626,0.7903461010568611
858.0,2.0320248226847526,0.7828421789664562
859.0,2.0301207262982923,0.7750812090240043
859.0,2.0282099481323868,0.767224794192762
860.0,2.0261777088719386,0.7590987681052376
861.0,2.0239565035546545,0.7510244163212144
861.0,2.0215328435773787,0.742734738543608
862.0,2.01924428182332,0.7344859848681599
863.0,2.0167600172992644,0.7260171679587848
864.0,2.0140800572583513,0.7175366475411596
864.0,2.010988396347323,0.7088553732560074
865.0,2.0078158027737922,0.699994898424734
866.0,2.0045082601503283,0.6912330118996042
866.0,2.0010927501448785,0.6823736104582587
867.0,1.9976367485311695,0.6731919416854534
868.0,1.9938027234443907,0.6642245240317508
868.0,1.9898268822203842,0.6550764807811468
869.0,1.9858171799916218,0.6460049538003414
870.0,1.9816925598283002,0.6366981055391
870.0,1.977689247482187,0.6272235836484065
871.0,1.9735304025228195,0.6179333021939785
872.0,1.9693104716190026,0.6085637072065939
872.0,1.964968609740339,0.599282431387941
873.0,1.9603831551404012,0.5898484725859522
874.0,1.9561213324643631,0.5802937885421071
874.0,1.95159548200724,0.5707964439125421
875.0,1.9469473059737132,0.5611932921147762
876.0,1.942365887111055,0.5516488167524153
877.0,1.9375605399559122,0.5422311079693738
877.0,1.9326865370786501,0.5328692617539691
878.0,1.9276964011091555,0.5232374634130507
879.0,1.92246141717556,0.5138001526583788
879.0,1.9173466554549004,0.5043222068976578
880.0,1.911959522123945,0.4949857354082231
881.0,1.9064147196790464,0.485582298258199
881.0,1.9009422486049334,0.4762047064782294
882.0,1.895223526931162,0.4669299057824067
883.0,1.8894750376332623,0.45764868734097275
883.0,1.8837372724821928,0.4484384558558429
884.0,1.8778335973078562,0.4392763618188604
885.0,1.8720352159790434,0.43004610224269596
885.0,1.8661178675708419,0.42099605106125954
886.0,1.8601831388570298,0.4119876376636723
887.0,1.8543260641195898,0.4029608831622946
887.0,1.8485125564257041,0.3940008748792945
888.0,1.8427834021934728,0.38507009134785974
889.0,1.8371317771855222,0.3762289489348181
889.0,1.8314962440227534,0.36727744817996644
890.0,1.8260542575812726,0.3584940238440294
891.0,1.820546325315639,0.3497466264314261
892.0,1.8150542116115875,0.3410850383023462
892.0,1.809838019348491,0.3324694096185152
893.0,1.804761216552006,0.32397054213882015
894.0,1.7997211130513915,0.31559334576070464
894.0,1.7947725927741973,0.3073425105212482
895.0,1.7899157628668452,0.2991701677462712
896.0,1.7852608046396174,0.290993613401654
896.0,1.7807461779252651,0.28298426831364143
897.0,1.7762894540279746,0.27508471166333914
898.0,1.7721183064780983,0.2672615227992511
898.0,1.7681712674918686,0.25952926280334615
899.0,1.7643037403725068,0.25183144139472424
900.0,1.7606057519167666,0.24427156325756308
900.0,1.7571399474643599,0.23679387415043895
901.0,1.753789089401311,0.2294447570344487
902.0,1.7506989564832307,0.22224765947891065
902.0,1.747766048875756,0.21513357215372605
903.0,1.74512948448796,0.20816616554269468
904.0,1.7428662093459841,0.20129980495055635
904.0,1.740851779770085,0.19449135249707553
905.0,1.739058761375136,0.1878625719926764
906.0,1.7375848082069218,0.18137499728227086
906.0,1.736458105002827,0.17494236562942694
907.0,1.7354911011837726,0.16864252062993815
908.0,1.7348300578969649,0.16245518432397163
909.0,1.7343428995920154,0.1563542640264459
909.0,1.7340923365912069,0.15038890285961506
910.0,1.7340853762704875,0.1445084696621803
911.0,1.7342176201695951,0.1387911563677776
911.0,1.7346143240982392,0.13311773524108908
912.0,1.7351849480764674,0.12755052603909306
913.0,1.7359224569270633,0.12212857432788037
913.0,1.7368406648196737,0.11685259202523389
914.0,1.7380576469348474,0.11170722261609556
915.0,1.7396356751605664,0.1065888323087687
915.0,1.741372851775172,0.10162579012435376
916.0,1.7434425640148021,0.09679005211981638
917.0,1.7456569351491769,0.09209151897347431
917.0,1.7480157397788694,0.08753313467663885
918.0,1.7506365759381695,0.08302439142788766
919.0,1.7533665825039362,0.07866503703445185
919.0,1.7563509328333975,0.07441707142956205
920.0,1.7594162064362098,0.07030414411109591
921.0,1.762465499892043,0.06641718290853678
921.0,1.7658373336757205,0.0625422981449041
922.0,1.769227360945487,0.05880615093710354
923.0,1.7730011031041142,0.05512267800133053
924.0,1.778377112568215,0.049846063718613096
925.0,1.7864438511445477,0.04303459385698156
926.0,1.7949167877285195,0.03661671940902549
928.0,1.8059742938361374,0.028822055196749664
930.0,1.81722974195712,0.02166102915622855
932.0,1.8286153298097796,0.01516363739513751
933.0,1.8401796873402598,0.009047859359311463
935.0,1.8498812148981014,0.00447086740964681
936.0,1.8612167299629736,0.0
938.0,1.8721574649074122,0.0
939.0,1.88172903218694,0.0
941.0,1.893054608702541,0.0
943.0,1.9041122146741714,0.0
944.0,1.9151338238340843,0.0
946.0,1.9259718639889531,0.0
947.0,1.9348972158730517,0.0
949.0,1.945055375561312,0.0
951.0,1.9547366280767315,0.0
952.0,1.9639759285615774,0.0
954.0,1.973152310795063,0.0
956.0,1.9806056788647455,0.0
957.0,1.9891248560482555,0.0
959.0,1.9973262478723737,0.0
961.0,2.0054532679535586,0.0
962.0,2.013351012085576,0.0
964.0,2.0200678860770136,0.0
965.0,2.0277913414055466,0.0
967.0,2.034975645011318,0.0
969.0,2.041917959859798,0.0
970.0,2.0488750597978593,0.0
972.0,2.0549350141228997,0.0
973.0,2.0613273617956747,0.0
975.0,2.067728011957664,0.0
977.0,2.073826086402647,0.0
978.0,2.0797229227629717,0.0
980.0,2.08444429319992,0.0
981.0,2.0901547370676496,0.0
983.0,2.095305102783171,0.0
985.0,2.1007481098572818,0.0
986.0,2.106104814943296,0.0
988.0,2.1107857614242436,0.0
989.0,2.11607807715645,0.0
991.0,2.1211281867962217,0.0
993.0,2.126146151428539,0.0
994.0,2.130813120301306,0.0
996.0,2.134952330184252,0.0
997.0,2.1393236615913445,0.0
999.0,2.1438458909968903,0.0
1001.0,2.1481591497460997,0.0
1002.0,2.1523991766552992,0.0
1004.0,2.1559608761490443,0.0
1005.0,2.1601220986922356,0.0
1007.0,2.164257621925449,0.0
1009.0,2.16839467078807,0.0
1010.0,2.172267760098645,0.0
1012.0,2.1756450836979924,0.0
1013.0,2.179105229743761,0.0
1015.0,2.182600593840614,0.0
1017.0,2.185919901935973,0.0
1018.0,2.1893834984972544,0.0
1020.0,2.1923093973803724,0.0
1021.0,2.1957069813963077,0.0
1023.0,2.199249096006629,0.0
1025.0,2.202908602222001,0.0
1026.0,2.2062416181467097,0.0
1028.0,2.208912983376215,0.0
1029.0,2.211940549114851,0.0
1031.0,2.215058002837012,0.0
1033.0,2.217786652481119,0.0
1034.0,2.2204477118490247,0.0
1036.0,2.22317116057154,0.0
1037.0,2.2260186782941727,0.0
1039.0,2.228435688047855,0.0
1041.0,2.230915020464483,0.0
1042.0,2.2335321069970218,0.0
1044.0,2.2358758334950797,0.0
1045.0,2.2384190301251636,0.0
1047.0,2.2412510408864565,0.0
1049.0,2.2440016862021652,0.0
1050.0,2.246554225213739,0.0
1052.0,2.2488055095816337,0.0
1053.0,2.2512771473689415,0.0
1055.0,2.2537358024230296,0.0
1057.0,2.2560509219284435,0.0
1058.0,2.2584835509349324,0.0
1060.0,2.2609169261901703,0.0
1061.0,2.2632410198317614,0.0
1063.0,2.265297523885926,0.0
1065.0,2.267464662704573,0.0
1066.0,2.2697631807187637,0.0
1068.0,2.271780110642427,0.0
1069.0,2.2733430803322343,0.0
1071.0,2.2750027953896077,0.0
1073.0,2.2769797761049735,0.0
1074.0,2.278909036509051,0.0
1076.0,2.2806320088523546,0.0
1077.0,2.282396743623202,0.0
1079.0,2.2844584279956353,0.0
1080.0,2.286679344781362,0.0
1082.0,2.2885628198110655,0.0
1084.0,2.290308742729015,0.0
1085.0,2.292137923366173,0.0
1087.0,2.294002089628369,0.0
1088.0,2.295866735405331,0.0
1090.0,2.2975867802045564,0.0
1092.0,2.2992174033824035,0.0
1093.0,2.3009658991327173,0.0
1095.0,2.302541985754117,0.0
1096.0,2.304028527928542,0.0
1098.0,2.3054254703461443,0.0
1100.0,2.306670503300818,0.0
1101.0,2.3076943619042334,0.0
1103.0,2.308711450197848,0.0
1104.0,2.309763288470921,0.0
1106.0,2.311112917880543,0.0
1107.0,2.312421269418726,0.0
1109.0,2.3135498336931577,0.0
1111.0,2.3147132085754616,0.0
1112.0,2.315800586823344,0.0
1114.0,2.3168604258723398,0.0
1115.0,2.317608645665793,0.0
1117.0,2.317906570628495,0.0
1119.0,2.3182183663874256,0.0
1120.0,2.31864104544677,0.0
1122.0,2.3190776101489883,0.0
1123.0,2.319583505584326,0.0
1125.0,2.320033991854069,0.0
1126.0,2.3206716538636543,0.0
1128.0,2.321531205465017,0.0
1130.0,2.3224671307014173,0.0
1131.0,2.323222897484471,0.0
1133.0,2.3239440743520277,0.0
1134.0,2.3246375858632624,0.0
1136.0,2.3251855100920578,0.0
1137.0,2.325580875345157,0.0
1139.0,2.3258860853663292,0.0
1141.0,2.326357800666976,0.0
1142.0,2.327037683580656,0.0
1144.0,2.327537233030088,0.0
1145.0,2.328106209426343,0.0
1147.0,2.32863359632129,0.0
1149.0,2.3291402042356824,0.0
1150.0,2.3295982661753323,0.0
1152.0,2.32970237551796,0.0
1153.0,2.3298897764029305,0.0
1155.0,2.330320124167749,0.0
1156.0,2.3306602572611723,0.0
1158.0,2.3311809025779464,0.0
1160.0,2.331743245002991,0.0
1161.0,2.332395899204942,0.0
1163.0,2.333048617189818,0.0
1164.0,2.3338194621737056,0.0
1166.0,2.334375081443769,0.0
1167.0,2.335076617054843,0.0
1169.0,2.3356462351027436,0.0
1171.0,2.335896326759653,0.0
1172.0,2.3361394804657887,0.0
1174.0,2.336528544945509,0.0
1175.0,2.336563283956262,0.0
1177.0,2.33675782578313,0.0
1178.0,2.336841202601104,0.0
1180.0,2.3370635459156004,0.0
1182.0,2.3374109722993515,0.0
1183.0,2.337751467861493,0.0
1185.0,2.33786960307261,0.0
1186.0,2.338300467036711,0.0
1188.0,2.3387383092201937,0.0
1189.0,2.3392248346179043,0.0
1191.0,2.3395654237627292,0.0
1193.0,2.340093719322506,0.0
1194.0,2.3407680529082295,0.0
1196.0,2.341553704041631,0.0
1197.0,2.3421656036975373,0.0
1199.0,2.342631520144597,0.0
1200.0,2.3429583768357616,0.0
1202.0,2.3430418322234154,0.0
1204.0,2.342916649540982,0.0
1205.0,2.342652382850163,0.0
1207.0,2.3424437587847815,0.0
1208.0,2.34234640316122,0.0
1210.0,2.342193418675014,0.0
1211.0,2.3420404377593944,0.0
1213.0,2.341929181153673,0.0
1214.0,2.342054344967846,0.0
1216.0,2.3422003724378264,0.0
1218.0,2.342089113118041,0.0
1219.0,2.341664954278929,0.0
1221.0,2.341289492285683,0.0
1222.0,2.3411087219472098,0.0
1224.0,2.3409557663160747,0.0
1225.0,2.340740243970492,0.0
1227.0,2.3404343534194414,0.0
1229.0,2.34030922047705,0.0
1230.0,2.340517776703795,0.0
1232.0,2.340914051762011,0.0
1233.0,2.3413312092243843,0.0
1235.0,2.3415676102181466,0.0
1236.0,2.3415606571262053,0.0
1238.0,2.3415815164241307,0.0
1239.0,2.3418179264354366,0.0
1241.0,2.342054344967846,0.0
1243.0,2.3421169277709555,0.0
1244.0,2.342082159473251,0.0
1246.0,2.342005669867322,0.0
1247.0,2.3417553464857184,0.0
1249.0,2.341553704041631,0.0
1250.0,2.341379879321236,0.0
1252.0,2.3412338701130553,0.0
1253.0,2.3409210041692963,0.0
1255.0,2.340573392814703,0.0
1257.0,2.3401076224098056,0.0
1258.0,2.339732249360216,0.0
1260.0,2.339468110782032,0.0
1261.0,2.339391651591254,0.0
1263.0,2.339495914344123,0.0
1264.0,2.339607129765958,0.0
1266.0,2.339551521820333,0.0
1267.0,2.3396418849703755,0.0
1269.0,2.339850420048815,0.0
1271.0,2.3401076224098056,0.0
1272.0,2.34011457396447,0.0
1274.0,2.340225799837931,0.0
1275.0,2.340211896500921,0.0
1277.0,2.340156283446682,0.0
1278.0,2.3400381072670364,0.0
1280.0,2.339850420048815,0.0
1281.0,2.3393429962045063,0.0
1283.0,2.33883561142848,0.0
1285.0,2.33860625851846,0.0
1286.0,2.3383074166858187,0.0
1288.0,2.33786960307261,0.0
1289.0,2.33752215259588,0.0
1291.0,2.337133029733025,0.0
1292.0,2.336841202601104,0.0
1294.0,2.3367022418209795,0.0
1295.0,2.336848150716656,0.0
1297.0,2.3367161377677834,0.0
1298.0,2.3366744500148324,0.0
1300.0,2.3367647738111996,0.0
1302.0,2.3368967877296702,0.0
1303.0,2.3370635459156004,0.0
1305.0,2.337167771915312,0.0
1306.0,2.33729284528193,0.0
1308.0,2.337133029733025,0.0
1309.0,2.3368898395630797,0.0
1311.0,2.3368689951070576,0.0
1312.0,2.3366049710096126,0.0
1314.0,2.3363270622745516,0.0
1315.0,2.3361325330933154,0.0
1317.0,2.3358268559093722,0.0
1319.0,2.3354169926958486,0.0
1320.0,2.3348612863694886,0.0
1322.0,2.3344167547589962,0.0
1323.0,2.3341181017669035,0.0
1325.0,2.3337777925975303,0.0
1326.0,2.3333402777813945,0.0
1328.0,2.332819464242944,0.0
1329.0,2.3322709179338137,0.0
1331.0,2.331680760177063,0.0
1332.0,2.3311670181775384,0.0
1334.0,2.3307643830873985,0.0
1335.0,2.330347889487759,0.0
1337.0,2.3298758946764826,0.0
1339.0,2.329466396658123,0.0
1340.0,2.329202665388806,0.0
1342.0,2.3290708036351413,0.0
1343.0,2.3288417867357665,0.0
1345.0,2.328578079965433,0.0
1346.0,2.3283213227762,0.0
1348.0,2.3281270265470075,0.0
1349.0,2.3279535525070933,0.0
1351.0,2.327995185869286,0.0
1352.0,2.328106209426343,0.0
1354.0,2.3280853923700136,0.0
1355.0,2.32790498057634,0.0
1357.0,2.327731512252867,0.0
1359.0,2.3275094793123676,0.0
1360.0,2.327245824689659,0.0
1362.0,2.326815673471535,0.0
1363.0,2.326350863438836,0.0
1365.0,2.325948516384745,0.0
1366.0,2.3254005304370233,0.0
1368.0,2.324817910467478,0.0
1369.0,2.3243463023976543,0.0
1371.0,2.3239371395946513,0.0
1372.0,2.3234586584275765,0.0
1374.0,2.3232020954406667,0.0
1375.0,2.3229316746586863,0.0
1377.0,2.322737533030845,0.0
1379.0,2.3226543311706553,0.0
1380.0,2.3226543311706553,0.0
1382.0,2.322737533030845,0.0
1383.0,2.322813802295798,0.0
1385.0,2.3227305995036676,0.0
1386.0,2.322723665983549,0.0
1388.0,2.3227652672101584,0.0
1389.0,2.322779134342179,0.0
1391.0,2.32251566366241,0.0
1392.0,2.322356199517345,0.0
1394.0,2.3221066109549544,0.0
1395.0,2.3216767854007347,0.0
1397.0,2.3209835754121344,0.0
1398.0,2.320380539922007,0.0
1400.0,2.319742905031686,0.0
1401.0,2.319091469800716,0.0
1403.0,2.3181837217158523,0.0
1404.0,2.3175047213879867,0.0
1406.0,2.3169366297267144,0.0
1408.0,2.3165556188785086,0.0
1409.0,2.3162023367178177,0.0
1411.0,2.315869852379016,0.0
1412.0,2.315592794323081,0.0
1414.0,2.3153988602930586,0.0
1415.0,2.3152534133406286,0.0
1417.0,2.3152672652995308,0.0
1418.0,2.315288043289907,0.0
1420.0,2.315239561409472,0.0
1421.0,2.3149001977604344,0.0
1423.0,2.314526224440463,0.0
1424.0,2.3141453464436608,0.0
1426.0,2.313563682246345,0.0
1427.0,2.312940524695019,0.0
1429.0,2.3125389638833083,0.0
1430.0,2.3120474296171363,0.0
1432.0,2.3113205763295226,0.0
1433.0,2.310427688832209,0.0
1435.0,2.3097356064921595,0.0
1436.0,2.309230429607621,0.0
1438.0,2.309036672799412,0.0
1440.0,2.3086906918205337,0.0
1441.0,2.308240942060175,0.0
1443.0,2.3076943619042334,0.0
1444.0,2.3071824139807133,0.0
1446.0,2.3065598248028882,0.0
1447.0,2.3061724637472056,0.0
1449.0,2.3060687099350385,0.0
1450.0,2.3060687099350385,0.0
1452.0,2.3059857079840906,0.0
1453.0,2.305792040562284,0.0
1455.0,2.305370140645479,0.0
1456.0,2.304906771408128,0.0
1458.0,2.3045056703165523,0.0
1459.0,2.3043051282950846,0.0
1461.0,2.304201401891887,0.0
1462.0,2.304152996756914,0.0
1464.0,2.303869487607264,0.0
1465.0,2.3032886749980253,0.0
1467.0,2.3026456879009225,0.0
1468.0,2.3019336302818676,0.0
1470.0,2.301228556025165,0.0
1471.0,2.300634135825767,0.0
1473.0,2.300240186919549,0.0
1474.0,2.2998462597296156,0.0
1476.0,2.2994938169496186,0.0
1477.0,2.2991552118000382,0.0
1479.0,2.298719885836199,0.0
1480.0,2.2983467703300358,0.0
1482.0,2.2981533106680083,0.0
1483.0,2.2980082193422997,0.0
1485.0,2.297932220293847,0.0
1487.0,2.297932220293847,0.0
1488.0,2.2977664069787243,0.0
1490.0,2.2974969685005604,0.0
1491.0,2.297089375630199,0.0
1493.0,2.2968475941580655,0.0
1494.0,2.2966334516330407,0.0
1496.0,2.2962328149668654,0.0
1497.0,2.296087762352621,0.0
1499.0,2.295942712654861,0.0
1500.0,2.2956042746958407,0.0
1502.0,2.2950724756533436,0.0
1503.0,2.2945545271706957,0.0
1505.0,2.2939123225055624,0.0
1506.0,2.2933944569519245,0.0
1508.0,2.2931320858412296,0.0
1509.0,2.2929042449336747,0.0
1511.0,2.2925176221603834,0.0
1512.0,2.2921172130925145,0.0
1514.0,2.291944629769284,0.0
1515.0,2.2917720505350934,0.0
1517.0,2.291295753050705,0.0
1518.0,2.290840193250191,0.0
1520.0,2.2906124240082084,0.0
1521.0,2.2903708583279614,0.0
1523.0,2.2899429615688063,0.0
1524.0,2.289611703841287,0.0
1526.0,2.2892114540743025,0.0
1527.0,2.288728423108371,0.0
1529.0,2.2882868226146713,0.0
1530.0,2.2881902260455975,0.0
1532.0,2.2877555571921855,0.0
1533.0,2.287107051400864,0.0
1535.0,2.286624158637568,0.0
1536.0,2.2863689280919077,0.0
1538.0,2.2861619908852027,0.0
1539.0,2.2857895185234116,0.0
1541.0,2.2853411970532145,0.0
1542.0,2.284975662727635,0.0
1544.0,2.2844653242213218,0.0
1545.0,2.284058457875271,0.0
1547.0,2.283582659420725,0.0
1548.0,2.2830724166691265,0.0
1550.0,2.2825828923242555,0.0
1551.0,2.2820520360815637,0.0
1553.0,2.281493643662145,0.0
1554.0,2.2809973298882276,0.0
1556.0,2.280507941613717,0.0
1557.0,2.279956556525866,0.0
1559.0,2.279487911081976,0.0
1560.0,2.27937764581888,0.0
1562.0,2.2793225137945656,0.0
1563.0,2.2792880564849045,0.0
1565.0,2.2792329251182624,0.0
1566.0,2.2792053595866846,0.0
1568.0,2.2791088810226885,0.0
1569.0,2.2789159276107234,0.0
1571.0,2.278736761019896,0.0
1572.0,2.2786954154897576,0.0
1574.0,2.278654070186891,0.0
1575.0,2.278543817156823,0.0
1577.0,2.278426675082452,0.0
1578.0,2.278399112506399,0.0
1580.0,2.2783646594282607,0.0
1581.0,2.2782406296524735,0.0
1583.0,2.2780063567603013,0.0
1584.0,2.277710080886326,0.0
1586.0,2.2772484649306675,0.0
1587.0,2.276786877201013,0.0
1589.0,2.2764699825456685,0.0
1590.0,2.276077327150174,0.0
1592.0,2.27556759437943,0.0
1593.0,2.2751129967692827,0.0
1594.0,2.2749063704945827,0.0
1596.0,2.274603328793818,0.0
1597.0,2.27425897789156,0.0
1599.0,2.2738182314812723,0.0
1600.0,2.273398168802267,0.0
1602.0,2.272902386895952,0.0
1603.0,2.272441063213529,0.0
1605.0,2.2720623854822395,0.0
1606.0,2.271793879905262,0.0
1608.0,2.2715735746713785,0.0
1609.0,2.271160519433841,0.0
1611.0,2.270554745327418,0.0
1612.0,2.2700247321826827,0.0
1614.0,2.269639291023152,0.0
1615.0,2.269288281044369,0.0
1617.0,2.2687377093638625,0.0
1618.0,2.2684211484393577,0.0
1620.0,2.2680289061635173,0.0
1621.0,2.2678293519436594,0.0
1623.0,2.267340809890502,0.0
1624.0,2.2669004603654295,0.0
1626.0,2.266336299078731,0.0
1627.0,2.26585473041012,0.0
1629.0,2.2654970129944383,0.0
1630.0,2.2650154962796862,0.0
1632.0,2.2647334788802005,0.0
1633.0,2.264623426076602,0.0
1635.0,2.2644170812542055,0.0
1636.0,2.264080063107522,0.0
1638.0,2.263584879141733,0.0
1639.0,2.2633304217990684,0.0
1641.0,2.2629728200535166,0.0
1642.0,2.2627183825959434,0.0
1643.0,2.2619894993498604,0.0
1645.0,2.2614531944929923,0.0
1646.0,2.26083442661507,0.0
1648.0,2.260428816261139,0.0
1649.0,2.2597070188827133,0.0
1651.0,2.2588959347459463,0.0
1652.0,2.2579543564498077,0.0
1654.0,2.2569991465287176,0.0
1655.0,2.2558791541629937,0.0
1657.0,2.2549241926730983,0.0
1658.0,2.2539693449989744,0.0
1660.0,2.2531794489074515,0.0
1661.0,2.2521286637657263,0.0
1663.0,2.2510162167351213,0.0
1664.0,2.2496979587375225,0.0
1666.0,2.248599573657686,0.0
1667.0,2.2475219270322286,0.0
1669.0,2.246554225213739,0.0
1670.0,2.245415091255921,0.0
1672.0,2.244234949975803,0.0
1673.0,2.24319903464008,0.0
1674.0,2.2425199286401245,0.0
1676.0,2.241868313466226,0.0
1677.0,2.241326482859965,0.0
1679.0,2.240743539888477,0.0
1680.0,2.239989203490834,0.0
1682.0,2.2391389421369357,0.0
1683.0,2.238281911018097,0.0
1685.0,2.2373221397770178,0.0
1686.0,2.236664074025817,0.0
1688.0,2.2361088708821804,0.0
1689.0,2.2354234850849695,0.0
1691.0,2.234614801001029,0.0
1692.0,2.2336965579927486,0.0
1694.0,2.2328537800936936,0.0
1695.0,2.232442699051682,0.0
1697.0,2.2320384885891724,0.0
1698.0,2.231339728959064,0.0
1699.0,2.2299834751519874,0.0
1701.0,2.2284493840665602,0.0
1702.0,2.226853943006004,0.0
